{"train_loss": [0.1558778384093188, 0.12670180095201067, 0.13292704902128097, 0.1277233796783674, 0.12397878586587124, 0.11069285646613496, 0.10513577517149626, 0.10425773398956675, 0.10502082408908324, 0.09788898601021591], "val_loss": [0.24231471503938729, 0.2218618084328094, 0.22917998164032297, 0.24637827385250477, 0.2419308721255297, 0.22706094950571093, 0.22488465130413618, 0.22137205517056263, 0.22119671907615593, 0.2136997779123959], "train_speed_mae": [1.670928236344129, 0.8850970480135973, 0.8673054863486581, 0.7810045697123841, 0.7186157308500676, 0.6169907610030241, 0.6065950999887563, 0.6205255018959851, 0.5810356964047986, 0.5394228026110728], "train_steer_mae": [3.0305013588788476, 2.508740242671982, 2.446519149196645, 2.4339789230803386, 2.435935917618488, 2.26878164227244, 2.219788814998126, 2.1734776295357774, 2.177888085245954, 2.1509408950852986], "val_speed_mae": [5.158767350224695, 5.183696028292929, 4.995881280544631, 5.162678351552719, 4.955984093691234, 5.168238465714746, 5.259534736267187, 5.252191695882162, 5.082519713773039, 4.9565919766774975], "val_steer_mae": [4.244777177609913, 3.9731853939185307, 3.977231018381174, 4.006572841789209, 4.131360764416681, 3.821767248926925, 3.754208783012521, 3.7104344803027267, 3.876985353199425, 3.895190572222321]}